{"build_machine":"win22 - 20240128.1.0","github_repo":"Workflow.Host","build_timestamp":"2024-02-01T18:19:29.6998162+00:00","code_execution":"winexe","github_sha":"4edfa00","github_user":"lakshmoz","package_id":"Workflow.Host_0.1.0-alpha.196","package_version":"0.1.0-alpha.196","github_branch":"develop","package_tag":"alpha","code_vulnerabilities":"","build_tool":"MSBuild version 17.8.5+b5265ef37 for .NET Framework 17.8.5.5502","code_project":"WorkflowHostService","code_test_results":"","github_commits":"","package_name":"Workflow.Host","code_framework":".NET Framework v4.8","id":"7745817909#workflow.host_0.1.0-alpha.196","environment":"dev"}
